,sample
0,20190611_1331_icab_icab_R_q1_novel_object
1,20190611_1331_icab_icab_R_q1_open_field
2,20190611_1331_icab_icab_R_q2_novel_object
3,20190611_1331_icab_icab_R_q2_open_field
4,20190611_1331_icab_icab_R_q3_novel_object
5,20190611_1331_icab_icab_R_q3_open_field
6,20190611_1331_icab_icab_R_q4_novel_object
7,20190611_1331_icab_icab_R_q4_open_field
8,20190611_1410_icab_kaga_R_q1_novel_object
9,20190611_1410_icab_kaga_R_q1_open_field
10,20190611_1410_icab_kaga_R_q2_novel_object
11,20190611_1410_icab_kaga_R_q2_open_field
12,20190611_1410_icab_kaga_R_q3_novel_object
13,20190611_1410_icab_kaga_R_q3_open_field
14,20190611_1410_icab_kaga_R_q4_novel_object
15,20190611_1410_icab_kaga_R_q4_open_field
16,20190611_1454_icab_hni_R_q1_novel_object
17,20190611_1454_icab_hni_R_q1_open_field
18,20190611_1454_icab_hni_R_q2_novel_object
19,20190611_1454_icab_hni_R_q2_open_field
20,20190611_1454_icab_hni_R_q3_novel_object
21,20190611_1454_icab_hni_R_q3_open_field
22,20190611_1454_icab_hni_R_q4_novel_object
23,20190611_1454_icab_hni_R_q4_open_field
24,20190611_1552_icab_hni_R_q1_novel_object
25,20190611_1552_icab_hni_R_q1_open_field
26,20190611_1552_icab_hni_R_q2_novel_object
27,20190611_1552_icab_hni_R_q2_open_field
28,20190611_1552_icab_hni_R_q3_novel_object
29,20190611_1552_icab_hni_R_q3_open_field
30,20190611_1552_icab_hni_R_q4_novel_object
31,20190611_1552_icab_hni_R_q4_open_field
32,20190611_1628_icab_hdr_R_q1_novel_object
33,20190611_1628_icab_hdr_R_q1_open_field
34,20190611_1628_icab_hdr_R_q2_novel_object
35,20190611_1628_icab_hdr_R_q2_open_field
36,20190611_1628_icab_hdr_R_q3_novel_object
37,20190611_1628_icab_hdr_R_q3_open_field
38,20190611_1628_icab_hdr_R_q4_novel_object
39,20190611_1628_icab_hdr_R_q4_open_field
40,20190611_1658_icab_ho5_R_q1_novel_object
41,20190611_1658_icab_ho5_R_q1_open_field
42,20190611_1658_icab_ho5_R_q2_novel_object
43,20190611_1658_icab_ho5_R_q2_open_field
44,20190611_1658_icab_ho5_R_q3_novel_object
45,20190611_1658_icab_ho5_R_q3_open_field
46,20190611_1658_icab_ho5_R_q4_novel_object
47,20190611_1658_icab_ho5_R_q4_open_field
48,20190612_0952_icab_icab_R_q1_novel_object
49,20190612_0952_icab_icab_R_q1_open_field
50,20190612_0952_icab_icab_R_q2_novel_object
51,20190612_0952_icab_icab_R_q2_open_field
52,20190612_0952_icab_icab_R_q3_novel_object
53,20190612_0952_icab_icab_R_q3_open_field
54,20190612_0952_icab_icab_R_q4_novel_object
55,20190612_0952_icab_icab_R_q4_open_field
56,20190612_1053_icab_kaga_R_q1_novel_object
57,20190612_1053_icab_kaga_R_q1_open_field
58,20190612_1053_icab_kaga_R_q2_novel_object
59,20190612_1053_icab_kaga_R_q2_open_field
60,20190612_1053_icab_kaga_R_q3_novel_object
61,20190612_1053_icab_kaga_R_q3_open_field
62,20190612_1053_icab_kaga_R_q4_novel_object
63,20190612_1053_icab_kaga_R_q4_open_field
64,20190612_1123_icab_hni_R_q1_novel_object
65,20190612_1123_icab_hni_R_q1_open_field
66,20190612_1123_icab_hni_R_q2_novel_object
67,20190612_1123_icab_hni_R_q2_open_field
68,20190612_1123_icab_hni_R_q3_novel_object
69,20190612_1123_icab_hni_R_q3_open_field
70,20190612_1123_icab_hni_R_q4_novel_object
71,20190612_1123_icab_hni_R_q4_open_field
72,20190612_1236_icab_kaga_R_q1_novel_object
73,20190612_1236_icab_kaga_R_q1_open_field
74,20190612_1236_icab_kaga_R_q2_novel_object
75,20190612_1236_icab_kaga_R_q2_open_field
76,20190612_1236_icab_kaga_R_q3_novel_object
77,20190612_1236_icab_kaga_R_q3_open_field
78,20190612_1236_icab_kaga_R_q4_novel_object
79,20190612_1236_icab_kaga_R_q4_open_field
80,20190612_1326_icab_kaga_R_q1_novel_object
81,20190612_1326_icab_kaga_R_q1_open_field
82,20190612_1326_icab_kaga_R_q2_novel_object
83,20190612_1326_icab_kaga_R_q2_open_field
84,20190612_1326_icab_kaga_R_q3_novel_object
85,20190612_1326_icab_kaga_R_q3_open_field
86,20190612_1326_icab_kaga_R_q4_novel_object
87,20190612_1326_icab_kaga_R_q4_open_field
88,20190612_1355_icab_ho5_R_q1_novel_object
89,20190612_1355_icab_ho5_R_q1_open_field
90,20190612_1355_icab_ho5_R_q2_novel_object
91,20190612_1355_icab_ho5_R_q2_open_field
92,20190612_1355_icab_ho5_R_q3_novel_object
93,20190612_1355_icab_ho5_R_q3_open_field
94,20190612_1355_icab_ho5_R_q4_novel_object
95,20190612_1355_icab_ho5_R_q4_open_field
96,20190612_1425_icab_kaga_R_q1_novel_object
97,20190612_1425_icab_kaga_R_q1_open_field
98,20190612_1425_icab_kaga_R_q2_novel_object
99,20190612_1425_icab_kaga_R_q2_open_field
100,20190612_1425_icab_kaga_R_q3_novel_object
101,20190612_1425_icab_kaga_R_q3_open_field
102,20190612_1425_icab_kaga_R_q4_novel_object
103,20190612_1425_icab_kaga_R_q4_open_field
104,20190612_1501_icab_icab_R_q1_novel_object
105,20190612_1501_icab_icab_R_q1_open_field
106,20190612_1501_icab_icab_R_q2_novel_object
107,20190612_1501_icab_icab_R_q2_open_field
108,20190612_1501_icab_icab_R_q3_novel_object
109,20190612_1501_icab_icab_R_q3_open_field
110,20190612_1501_icab_icab_R_q4_novel_object
111,20190612_1501_icab_icab_R_q4_open_field
112,20190612_1534_icab_hdr_R_q1_novel_object
113,20190612_1534_icab_hdr_R_q1_open_field
114,20190612_1534_icab_hdr_R_q2_novel_object
115,20190612_1534_icab_hdr_R_q2_open_field
116,20190612_1534_icab_hdr_R_q3_novel_object
117,20190612_1534_icab_hdr_R_q3_open_field
118,20190612_1534_icab_hdr_R_q4_novel_object
119,20190612_1534_icab_hdr_R_q4_open_field
120,20190612_1604_icab_hni_R_q1_novel_object
121,20190612_1604_icab_hni_R_q1_open_field
122,20190612_1604_icab_hni_R_q2_novel_object
123,20190612_1604_icab_hni_R_q2_open_field
124,20190612_1604_icab_hni_R_q3_novel_object
125,20190612_1604_icab_hni_R_q3_open_field
126,20190612_1604_icab_hni_R_q4_novel_object
127,20190612_1604_icab_hni_R_q4_open_field
128,20190612_1636_icab_icab_R_q1_novel_object
129,20190612_1636_icab_icab_R_q1_open_field
130,20190612_1636_icab_icab_R_q2_novel_object
131,20190612_1636_icab_icab_R_q2_open_field
132,20190612_1636_icab_icab_R_q3_novel_object
133,20190612_1636_icab_icab_R_q3_open_field
134,20190612_1636_icab_icab_R_q4_novel_object
135,20190612_1636_icab_icab_R_q4_open_field
136,20190612_1707_icab_hni_R_q1_novel_object
137,20190612_1707_icab_hni_R_q1_open_field
138,20190612_1707_icab_hni_R_q2_novel_object
139,20190612_1707_icab_hni_R_q2_open_field
140,20190612_1707_icab_hni_R_q3_novel_object
141,20190612_1707_icab_hni_R_q3_open_field
142,20190612_1707_icab_hni_R_q4_novel_object
143,20190612_1707_icab_hni_R_q4_open_field
144,20190613_0953_icab_hni_R_q1_novel_object
145,20190613_0953_icab_hni_R_q1_open_field
146,20190613_0953_icab_hni_R_q2_novel_object
147,20190613_0953_icab_hni_R_q2_open_field
148,20190613_0953_icab_hni_R_q3_novel_object
149,20190613_0953_icab_hni_R_q3_open_field
150,20190613_0953_icab_hni_R_q4_novel_object
151,20190613_0953_icab_hni_R_q4_open_field
152,20190613_1024_icab_hni_R_q1_novel_object
153,20190613_1024_icab_hni_R_q1_open_field
154,20190613_1024_icab_hni_R_q2_novel_object
155,20190613_1024_icab_hni_R_q2_open_field
156,20190613_1024_icab_hni_R_q3_novel_object
157,20190613_1024_icab_hni_R_q3_open_field
158,20190613_1024_icab_hni_R_q4_novel_object
159,20190613_1024_icab_hni_R_q4_open_field
160,20190613_1054_icab_hdr_R_q1_novel_object
161,20190613_1054_icab_hdr_R_q1_open_field
162,20190613_1054_icab_hdr_R_q2_novel_object
164,20190613_1054_icab_hdr_R_q3_novel_object
165,20190613_1054_icab_hdr_R_q3_open_field
166,20190613_1054_icab_hdr_R_q4_novel_object
167,20190613_1054_icab_hdr_R_q4_open_field
168,20190613_1126_icab_hdr_R_q1_novel_object
169,20190613_1126_icab_hdr_R_q1_open_field
170,20190613_1126_icab_hdr_R_q2_novel_object
171,20190613_1126_icab_hdr_R_q2_open_field
172,20190613_1126_icab_hdr_R_q3_novel_object
173,20190613_1126_icab_hdr_R_q3_open_field
174,20190613_1126_icab_hdr_R_q4_novel_object
175,20190613_1126_icab_hdr_R_q4_open_field
176,20190613_1307_icab_hdr_R_q1_novel_object
177,20190613_1307_icab_hdr_R_q1_open_field
178,20190613_1307_icab_hdr_R_q2_novel_object
179,20190613_1307_icab_hdr_R_q2_open_field
180,20190613_1307_icab_hdr_R_q3_novel_object
181,20190613_1307_icab_hdr_R_q3_open_field
182,20190613_1307_icab_hdr_R_q4_novel_object
183,20190613_1307_icab_hdr_R_q4_open_field
184,20190613_1338_icab_ho5_R_q1_novel_object
185,20190613_1338_icab_ho5_R_q1_open_field
186,20190613_1338_icab_ho5_R_q2_novel_object
187,20190613_1338_icab_ho5_R_q2_open_field
188,20190613_1338_icab_ho5_R_q3_novel_object
189,20190613_1338_icab_ho5_R_q3_open_field
190,20190613_1338_icab_ho5_R_q4_novel_object
191,20190613_1338_icab_ho5_R_q4_open_field
192,20190613_1420_icab_hni_R_q1_novel_object
193,20190613_1420_icab_hni_R_q1_open_field
194,20190613_1420_icab_hni_R_q2_novel_object
195,20190613_1420_icab_hni_R_q2_open_field
196,20190613_1420_icab_hni_R_q3_novel_object
197,20190613_1420_icab_hni_R_q3_open_field
198,20190613_1420_icab_hni_R_q4_novel_object
199,20190613_1420_icab_hni_R_q4_open_field
200,20190613_1511_icab_hdr_L_q1_novel_object
201,20190613_1511_icab_hdr_L_q1_open_field
202,20190613_1511_icab_hdr_L_q2_novel_object
203,20190613_1511_icab_hdr_L_q2_open_field
204,20190613_1511_icab_hdr_L_q3_novel_object
205,20190613_1511_icab_hdr_L_q3_open_field
206,20190613_1511_icab_hdr_L_q4_novel_object
207,20190613_1511_icab_hdr_L_q4_open_field
208,20190613_1546_icab_hni_R_q1_novel_object
209,20190613_1546_icab_hni_R_q1_open_field
210,20190613_1546_icab_hni_R_q2_novel_object
211,20190613_1546_icab_hni_R_q2_open_field
212,20190613_1546_icab_hni_R_q3_novel_object
213,20190613_1546_icab_hni_R_q3_open_field
214,20190613_1546_icab_hni_R_q4_novel_object
215,20190613_1546_icab_hni_R_q4_open_field
216,20190613_1617_icab_ho5_L_q1_novel_object
217,20190613_1617_icab_ho5_L_q1_open_field
218,20190613_1617_icab_ho5_L_q2_novel_object
219,20190613_1617_icab_ho5_L_q2_open_field
220,20190613_1617_icab_ho5_L_q3_novel_object
221,20190613_1617_icab_ho5_L_q3_open_field
222,20190613_1617_icab_ho5_L_q4_novel_object
223,20190613_1617_icab_ho5_L_q4_open_field
224,20190613_1648_icab_ho5_R_q1_novel_object
225,20190613_1648_icab_ho5_R_q1_open_field
226,20190613_1648_icab_ho5_R_q2_novel_object
227,20190613_1648_icab_ho5_R_q2_open_field
228,20190613_1648_icab_ho5_R_q3_novel_object
229,20190613_1648_icab_ho5_R_q3_open_field
230,20190613_1648_icab_ho5_R_q4_novel_object
231,20190613_1648_icab_ho5_R_q4_open_field
232,20190614_1108_icab_ho5_L_q1_novel_object
233,20190614_1108_icab_ho5_L_q1_open_field
234,20190614_1108_icab_ho5_L_q2_novel_object
235,20190614_1108_icab_ho5_L_q2_open_field
236,20190614_1108_icab_ho5_L_q3_novel_object
237,20190614_1108_icab_ho5_L_q3_open_field
238,20190614_1108_icab_ho5_L_q4_novel_object
239,20190614_1108_icab_ho5_L_q4_open_field
240,20190614_1139_icab_hni_R_q1_novel_object
241,20190614_1139_icab_hni_R_q1_open_field
242,20190614_1139_icab_hni_R_q2_novel_object
243,20190614_1139_icab_hni_R_q2_open_field
244,20190614_1139_icab_hni_R_q3_novel_object
245,20190614_1139_icab_hni_R_q3_open_field
246,20190614_1139_icab_hni_R_q4_novel_object
248,20190614_1208_icab_icab_L_q1_novel_object
249,20190614_1208_icab_icab_L_q1_open_field
250,20190614_1208_icab_icab_L_q2_novel_object
251,20190614_1208_icab_icab_L_q2_open_field
252,20190614_1208_icab_icab_L_q3_novel_object
253,20190614_1208_icab_icab_L_q3_open_field
254,20190614_1208_icab_icab_L_q4_novel_object
255,20190614_1208_icab_icab_L_q4_open_field
256,20190614_1237_icab_hdr_L_q1_novel_object
257,20190614_1237_icab_hdr_L_q1_open_field
258,20190614_1237_icab_hdr_L_q2_novel_object
259,20190614_1237_icab_hdr_L_q2_open_field
260,20190614_1237_icab_hdr_L_q3_novel_object
261,20190614_1237_icab_hdr_L_q3_open_field
262,20190614_1237_icab_hdr_L_q4_novel_object
263,20190614_1237_icab_hdr_L_q4_open_field
264,20190614_1307_icab_hdr_R_q1_novel_object
265,20190614_1307_icab_hdr_R_q1_open_field
266,20190614_1307_icab_hdr_R_q2_novel_object
267,20190614_1307_icab_hdr_R_q2_open_field
268,20190614_1307_icab_hdr_R_q3_novel_object
269,20190614_1307_icab_hdr_R_q3_open_field
270,20190614_1307_icab_hdr_R_q4_novel_object
271,20190614_1307_icab_hdr_R_q4_open_field
272,20190614_1335_icab_ho5_L_q1_novel_object
273,20190614_1335_icab_ho5_L_q1_open_field
274,20190614_1335_icab_ho5_L_q2_novel_object
275,20190614_1335_icab_ho5_L_q2_open_field
276,20190614_1335_icab_ho5_L_q3_novel_object
277,20190614_1335_icab_ho5_L_q3_open_field
278,20190614_1335_icab_ho5_L_q4_novel_object
279,20190614_1335_icab_ho5_L_q4_open_field
280,20190614_1404_icab_ho5_L_q1_novel_object
281,20190614_1404_icab_ho5_L_q1_open_field
282,20190614_1404_icab_ho5_L_q2_novel_object
283,20190614_1404_icab_ho5_L_q2_open_field
284,20190614_1404_icab_ho5_L_q3_novel_object
285,20190614_1404_icab_ho5_L_q3_open_field
286,20190614_1404_icab_ho5_L_q4_novel_object
287,20190614_1404_icab_ho5_L_q4_open_field
288,20190614_1430_icab_hdr_L_q1_novel_object
289,20190614_1430_icab_hdr_L_q1_open_field
290,20190614_1430_icab_hdr_L_q2_novel_object
291,20190614_1430_icab_hdr_L_q2_open_field
292,20190614_1430_icab_hdr_L_q3_novel_object
293,20190614_1430_icab_hdr_L_q3_open_field
294,20190614_1430_icab_hdr_L_q4_novel_object
295,20190614_1430_icab_hdr_L_q4_open_field
296,20190614_1456_icab_ho5_R_q1_novel_object
297,20190614_1456_icab_ho5_R_q1_open_field
298,20190614_1456_icab_ho5_R_q2_novel_object
299,20190614_1456_icab_ho5_R_q2_open_field
300,20190614_1456_icab_ho5_R_q3_novel_object
301,20190614_1456_icab_ho5_R_q3_open_field
302,20190614_1456_icab_ho5_R_q4_novel_object
303,20190614_1456_icab_ho5_R_q4_open_field
304,20190614_1524_icab_icab_R_q1_novel_object
305,20190614_1524_icab_icab_R_q1_open_field
306,20190614_1524_icab_icab_R_q2_novel_object
307,20190614_1524_icab_icab_R_q2_open_field
308,20190614_1524_icab_icab_R_q3_novel_object
309,20190614_1524_icab_icab_R_q3_open_field
310,20190614_1524_icab_icab_R_q4_novel_object
311,20190614_1524_icab_icab_R_q4_open_field
312,20190614_1553_icab_hni_L_q1_novel_object
313,20190614_1553_icab_hni_L_q1_open_field
314,20190614_1553_icab_hni_L_q2_novel_object
315,20190614_1553_icab_hni_L_q2_open_field
316,20190614_1553_icab_hni_L_q3_novel_object
317,20190614_1553_icab_hni_L_q3_open_field
318,20190614_1553_icab_hni_L_q4_novel_object
319,20190614_1553_icab_hni_L_q4_open_field
320,20190614_1619_icab_kaga_L_q1_novel_object
321,20190614_1619_icab_kaga_L_q1_open_field
322,20190614_1619_icab_kaga_L_q2_novel_object
323,20190614_1619_icab_kaga_L_q2_open_field
324,20190614_1619_icab_kaga_L_q3_novel_object
325,20190614_1619_icab_kaga_L_q3_open_field
326,20190614_1619_icab_kaga_L_q4_novel_object
327,20190614_1619_icab_kaga_L_q4_open_field
328,20190614_1644_icab_hni_L_q1_novel_object
329,20190614_1644_icab_hni_L_q1_open_field
330,20190614_1644_icab_hni_L_q2_novel_object
331,20190614_1644_icab_hni_L_q2_open_field
332,20190614_1644_icab_hni_L_q3_novel_object
333,20190614_1644_icab_hni_L_q3_open_field
334,20190614_1644_icab_hni_L_q4_novel_object
335,20190614_1644_icab_hni_L_q4_open_field
336,20190615_1022_icab_ho5_L_q1_novel_object
337,20190615_1022_icab_ho5_L_q1_open_field
338,20190615_1022_icab_ho5_L_q2_novel_object
339,20190615_1022_icab_ho5_L_q2_open_field
340,20190615_1022_icab_ho5_L_q3_novel_object
341,20190615_1022_icab_ho5_L_q3_open_field
342,20190615_1022_icab_ho5_L_q4_novel_object
343,20190615_1022_icab_ho5_L_q4_open_field
344,20190615_1051_icab_hdr_L_q1_novel_object
345,20190615_1051_icab_hdr_L_q1_open_field
346,20190615_1051_icab_hdr_L_q2_novel_object
347,20190615_1051_icab_hdr_L_q2_open_field
348,20190615_1051_icab_hdr_L_q3_novel_object
349,20190615_1051_icab_hdr_L_q3_open_field
350,20190615_1051_icab_hdr_L_q4_novel_object
351,20190615_1051_icab_hdr_L_q4_open_field
352,20190615_1117_icab_kaga_L_q1_novel_object
353,20190615_1117_icab_kaga_L_q1_open_field
354,20190615_1117_icab_kaga_L_q2_novel_object
355,20190615_1117_icab_kaga_L_q2_open_field
356,20190615_1117_icab_kaga_L_q3_novel_object
357,20190615_1117_icab_kaga_L_q3_open_field
358,20190615_1117_icab_kaga_L_q4_novel_object
359,20190615_1117_icab_kaga_L_q4_open_field
360,20190615_1145_icab_hni_R_q1_novel_object
361,20190615_1145_icab_hni_R_q1_open_field
362,20190615_1145_icab_hni_R_q2_novel_object
363,20190615_1145_icab_hni_R_q2_open_field
364,20190615_1145_icab_hni_R_q3_novel_object
365,20190615_1145_icab_hni_R_q3_open_field
366,20190615_1145_icab_hni_R_q4_novel_object
367,20190615_1145_icab_hni_R_q4_open_field
368,20190615_1210_icab_ho5_R_q1_novel_object
369,20190615_1210_icab_ho5_R_q1_open_field
370,20190615_1210_icab_ho5_R_q2_novel_object
371,20190615_1210_icab_ho5_R_q2_open_field
372,20190615_1210_icab_ho5_R_q3_novel_object
373,20190615_1210_icab_ho5_R_q3_open_field
374,20190615_1210_icab_ho5_R_q4_novel_object
375,20190615_1210_icab_ho5_R_q4_open_field
376,20190615_1236_icab_hdr_R_q1_novel_object
377,20190615_1236_icab_hdr_R_q1_open_field
378,20190615_1236_icab_hdr_R_q2_novel_object
379,20190615_1236_icab_hdr_R_q2_open_field
380,20190615_1236_icab_hdr_R_q3_novel_object
381,20190615_1236_icab_hdr_R_q3_open_field
382,20190615_1236_icab_hdr_R_q4_novel_object
383,20190615_1236_icab_hdr_R_q4_open_field
384,20190615_1305_icab_ho5_R_q1_novel_object
385,20190615_1305_icab_ho5_R_q1_open_field
386,20190615_1305_icab_ho5_R_q2_novel_object
387,20190615_1305_icab_ho5_R_q2_open_field
388,20190615_1305_icab_ho5_R_q3_novel_object
389,20190615_1305_icab_ho5_R_q3_open_field
390,20190615_1305_icab_ho5_R_q4_novel_object
391,20190615_1305_icab_ho5_R_q4_open_field
392,20190615_1332_icab_icab_L_q1_novel_object
393,20190615_1332_icab_icab_L_q1_open_field
394,20190615_1332_icab_icab_L_q2_novel_object
395,20190615_1332_icab_icab_L_q2_open_field
396,20190615_1332_icab_icab_L_q3_novel_object
397,20190615_1332_icab_icab_L_q3_open_field
398,20190615_1332_icab_icab_L_q4_novel_object
399,20190615_1332_icab_icab_L_q4_open_field
400,20190615_1358_icab_icab_L_q1_novel_object
401,20190615_1358_icab_icab_L_q1_open_field
402,20190615_1358_icab_icab_L_q2_novel_object
403,20190615_1358_icab_icab_L_q2_open_field
404,20190615_1358_icab_icab_L_q3_novel_object
405,20190615_1358_icab_icab_L_q3_open_field
406,20190615_1358_icab_icab_L_q4_novel_object
407,20190615_1358_icab_icab_L_q4_open_field
408,20190615_1423_icab_icab_L_q1_novel_object
409,20190615_1423_icab_icab_L_q1_open_field
410,20190615_1423_icab_icab_L_q2_novel_object
411,20190615_1423_icab_icab_L_q2_open_field
412,20190615_1423_icab_icab_L_q3_novel_object
413,20190615_1423_icab_icab_L_q3_open_field
414,20190615_1423_icab_icab_L_q4_novel_object
415,20190615_1423_icab_icab_L_q4_open_field
416,20190615_1452_icab_hdr_L_q1_novel_object
417,20190615_1452_icab_hdr_L_q1_open_field
418,20190615_1452_icab_hdr_L_q2_novel_object
419,20190615_1452_icab_hdr_L_q2_open_field
420,20190615_1452_icab_hdr_L_q3_novel_object
421,20190615_1452_icab_hdr_L_q3_open_field
422,20190615_1452_icab_hdr_L_q4_novel_object
423,20190615_1452_icab_hdr_L_q4_open_field
424,20190615_1518_icab_kaga_L_q1_novel_object
425,20190615_1518_icab_kaga_L_q1_open_field
426,20190615_1518_icab_kaga_L_q2_novel_object
427,20190615_1518_icab_kaga_L_q2_open_field
428,20190615_1518_icab_kaga_L_q3_novel_object
429,20190615_1518_icab_kaga_L_q3_open_field
430,20190615_1518_icab_kaga_L_q4_novel_object
431,20190615_1518_icab_kaga_L_q4_open_field
432,20190615_1549_icab_hni_L_q1_novel_object
433,20190615_1549_icab_hni_L_q1_open_field
434,20190615_1549_icab_hni_L_q2_novel_object
435,20190615_1549_icab_hni_L_q2_open_field
436,20190615_1549_icab_hni_L_q3_novel_object
437,20190615_1549_icab_hni_L_q3_open_field
438,20190615_1549_icab_hni_L_q4_novel_object
439,20190615_1549_icab_hni_L_q4_open_field
440,20190615_1616_icab_hni_L_q1_novel_object
441,20190615_1616_icab_hni_L_q1_open_field
442,20190615_1616_icab_hni_L_q2_novel_object
443,20190615_1616_icab_hni_L_q2_open_field
444,20190615_1616_icab_hni_L_q3_novel_object
445,20190615_1616_icab_hni_L_q3_open_field
446,20190615_1616_icab_hni_L_q4_novel_object
447,20190615_1616_icab_hni_L_q4_open_field
448,20190615_1649_icab_icab_L_q1_novel_object
449,20190615_1649_icab_icab_L_q1_open_field
450,20190615_1649_icab_icab_L_q2_novel_object
451,20190615_1649_icab_icab_L_q2_open_field
452,20190615_1649_icab_icab_L_q3_novel_object
453,20190615_1649_icab_icab_L_q3_open_field
454,20190615_1649_icab_icab_L_q4_novel_object
455,20190615_1649_icab_icab_L_q4_open_field
456,20190615_1714_icab_icab_L_q1_novel_object
457,20190615_1714_icab_icab_L_q1_open_field
458,20190615_1714_icab_icab_L_q2_novel_object
459,20190615_1714_icab_icab_L_q2_open_field
460,20190615_1714_icab_icab_L_q3_novel_object
461,20190615_1714_icab_icab_L_q3_open_field
462,20190615_1714_icab_icab_L_q4_novel_object
463,20190615_1714_icab_icab_L_q4_open_field
464,20190616_0923_icab_icab_L_q1_novel_object
465,20190616_0923_icab_icab_L_q1_open_field
466,20190616_0923_icab_icab_L_q2_novel_object
467,20190616_0923_icab_icab_L_q2_open_field
468,20190616_0923_icab_icab_L_q3_novel_object
469,20190616_0923_icab_icab_L_q3_open_field
470,20190616_0923_icab_icab_L_q4_novel_object
471,20190616_0923_icab_icab_L_q4_open_field
472,20190616_0948_icab_hdr_L_q1_novel_object
473,20190616_0948_icab_hdr_L_q1_open_field
474,20190616_0948_icab_hdr_L_q2_novel_object
475,20190616_0948_icab_hdr_L_q2_open_field
476,20190616_0948_icab_hdr_L_q3_novel_object
477,20190616_0948_icab_hdr_L_q3_open_field
478,20190616_0948_icab_hdr_L_q4_novel_object
479,20190616_0948_icab_hdr_L_q4_open_field
480,20190616_1017_icab_kaga_R_q1_novel_object
481,20190616_1017_icab_kaga_R_q1_open_field
482,20190616_1017_icab_kaga_R_q2_novel_object
483,20190616_1017_icab_kaga_R_q2_open_field
484,20190616_1017_icab_kaga_R_q3_novel_object
485,20190616_1017_icab_kaga_R_q3_open_field
486,20190616_1017_icab_kaga_R_q4_novel_object
487,20190616_1017_icab_kaga_R_q4_open_field
488,20190616_1045_icab_icab_L_q1_novel_object
489,20190616_1045_icab_icab_L_q1_open_field
490,20190616_1045_icab_icab_L_q2_novel_object
491,20190616_1045_icab_icab_L_q2_open_field
492,20190616_1045_icab_icab_L_q3_novel_object
493,20190616_1045_icab_icab_L_q3_open_field
494,20190616_1045_icab_icab_L_q4_novel_object
495,20190616_1045_icab_icab_L_q4_open_field
496,20190616_1110_icab_icab_L_q1_novel_object
497,20190616_1110_icab_icab_L_q1_open_field
498,20190616_1110_icab_icab_L_q2_novel_object
499,20190616_1110_icab_icab_L_q2_open_field
500,20190616_1110_icab_icab_L_q3_novel_object
501,20190616_1110_icab_icab_L_q3_open_field
502,20190616_1110_icab_icab_L_q4_novel_object
503,20190616_1110_icab_icab_L_q4_open_field
504,20190616_1135_icab_kaga_R_q1_novel_object
505,20190616_1135_icab_kaga_R_q1_open_field
506,20190616_1135_icab_kaga_R_q2_novel_object
507,20190616_1135_icab_kaga_R_q2_open_field
508,20190616_1135_icab_kaga_R_q3_novel_object
509,20190616_1135_icab_kaga_R_q3_open_field
510,20190616_1135_icab_kaga_R_q4_novel_object
511,20190616_1135_icab_kaga_R_q4_open_field
512,20190616_1210_icab_icab_R_q1_novel_object
513,20190616_1210_icab_icab_R_q1_open_field
514,20190616_1210_icab_icab_R_q2_novel_object
515,20190616_1210_icab_icab_R_q2_open_field
516,20190616_1210_icab_icab_R_q3_novel_object
517,20190616_1210_icab_icab_R_q3_open_field
518,20190616_1210_icab_icab_R_q4_novel_object
519,20190616_1210_icab_icab_R_q4_open_field
520,20190616_1227_icab_kaga_R_q1_novel_object
521,20190616_1227_icab_kaga_R_q1_open_field
522,20190616_1227_icab_kaga_R_q2_novel_object
523,20190616_1227_icab_kaga_R_q2_open_field
524,20190616_1227_icab_kaga_R_q3_novel_object
525,20190616_1227_icab_kaga_R_q3_open_field
526,20190616_1227_icab_kaga_R_q4_novel_object
527,20190616_1227_icab_kaga_R_q4_open_field
528,20190616_1256_icab_kaga_L_q1_novel_object
529,20190616_1256_icab_kaga_L_q1_open_field
530,20190616_1256_icab_kaga_L_q2_novel_object
531,20190616_1256_icab_kaga_L_q2_open_field
532,20190616_1256_icab_kaga_L_q3_novel_object
533,20190616_1256_icab_kaga_L_q3_open_field
534,20190616_1256_icab_kaga_L_q4_novel_object
535,20190616_1256_icab_kaga_L_q4_open_field
536,20190616_1325_icab_hni_R_q1_novel_object
537,20190616_1325_icab_hni_R_q1_open_field
538,20190616_1325_icab_hni_R_q2_novel_object
539,20190616_1325_icab_hni_R_q2_open_field
540,20190616_1325_icab_hni_R_q3_novel_object
541,20190616_1325_icab_hni_R_q3_open_field
542,20190616_1325_icab_hni_R_q4_novel_object
543,20190616_1325_icab_hni_R_q4_open_field
544,20190616_1351_icab_ho5_L_q1_novel_object
545,20190616_1351_icab_ho5_L_q1_open_field
546,20190616_1351_icab_ho5_L_q2_novel_object
547,20190616_1351_icab_ho5_L_q2_open_field
548,20190616_1351_icab_ho5_L_q3_novel_object
549,20190616_1351_icab_ho5_L_q3_open_field
550,20190616_1351_icab_ho5_L_q4_novel_object
551,20190616_1351_icab_ho5_L_q4_open_field
552,20190616_1417_icab_hni_L_q1_novel_object
553,20190616_1417_icab_hni_L_q1_open_field
554,20190616_1417_icab_hni_L_q2_novel_object
555,20190616_1417_icab_hni_L_q2_open_field
556,20190616_1417_icab_hni_L_q3_novel_object
557,20190616_1417_icab_hni_L_q3_open_field
558,20190616_1417_icab_hni_L_q4_novel_object
559,20190616_1417_icab_hni_L_q4_open_field
560,20190616_1441_icab_hni_L_q1_novel_object
561,20190616_1441_icab_hni_L_q1_open_field
562,20190616_1441_icab_hni_L_q2_novel_object
563,20190616_1441_icab_hni_L_q2_open_field
564,20190616_1441_icab_hni_L_q3_novel_object
565,20190616_1441_icab_hni_L_q3_open_field
566,20190616_1441_icab_hni_L_q4_novel_object
567,20190616_1441_icab_hni_L_q4_open_field
568,20190616_1506_icab_hni_L_q1_novel_object
569,20190616_1506_icab_hni_L_q1_open_field
570,20190616_1506_icab_hni_L_q2_novel_object
571,20190616_1506_icab_hni_L_q2_open_field
572,20190616_1506_icab_hni_L_q3_novel_object
573,20190616_1506_icab_hni_L_q3_open_field
574,20190616_1506_icab_hni_L_q4_novel_object
575,20190616_1506_icab_hni_L_q4_open_field
576,20190616_1531_icab_hdr_L_q1_novel_object
577,20190616_1531_icab_hdr_L_q1_open_field
578,20190616_1531_icab_hdr_L_q2_novel_object
579,20190616_1531_icab_hdr_L_q2_open_field
580,20190616_1531_icab_hdr_L_q3_novel_object
581,20190616_1531_icab_hdr_L_q3_open_field
582,20190616_1531_icab_hdr_L_q4_novel_object
583,20190616_1531_icab_hdr_L_q4_open_field
584,20190616_1556_icab_hdr_L_q1_novel_object
585,20190616_1556_icab_hdr_L_q1_open_field
586,20190616_1556_icab_hdr_L_q2_novel_object
587,20190616_1556_icab_hdr_L_q2_open_field
588,20190616_1556_icab_hdr_L_q3_novel_object
589,20190616_1556_icab_hdr_L_q3_open_field
590,20190616_1556_icab_hdr_L_q4_novel_object
591,20190616_1556_icab_hdr_L_q4_open_field
592,20190616_1622_icab_ho5_L_q1_novel_object
593,20190616_1622_icab_ho5_L_q1_open_field
594,20190616_1622_icab_ho5_L_q2_novel_object
595,20190616_1622_icab_ho5_L_q2_open_field
596,20190616_1622_icab_ho5_L_q3_novel_object
597,20190616_1622_icab_ho5_L_q3_open_field
598,20190616_1622_icab_ho5_L_q4_novel_object
599,20190616_1622_icab_ho5_L_q4_open_field
600,20190616_1651_icab_icab_L_q1_novel_object
601,20190616_1651_icab_icab_L_q1_open_field
602,20190616_1651_icab_icab_L_q2_novel_object
603,20190616_1651_icab_icab_L_q2_open_field
604,20190616_1651_icab_icab_L_q3_novel_object
605,20190616_1651_icab_icab_L_q3_open_field
606,20190616_1651_icab_icab_L_q4_novel_object
607,20190616_1651_icab_icab_L_q4_open_field
608,20190616_1717_icab_icab_L_q1_novel_object
609,20190616_1717_icab_icab_L_q1_open_field
610,20190616_1717_icab_icab_L_q2_novel_object
611,20190616_1717_icab_icab_L_q2_open_field
612,20190616_1717_icab_icab_L_q3_novel_object
613,20190616_1717_icab_icab_L_q3_open_field
614,20190616_1717_icab_icab_L_q4_novel_object
615,20190616_1717_icab_icab_L_q4_open_field
